id;nom;prenom;adresse;telephone;email;id_user
1;meanwhile;delimit owlishly;anenst;220-890-8753;Chaz.Paucek19@hotmail.com;12120
2;how;since;since whoever;499-776-3960 x73819;Haley.Kemmer58@hotmail.com;21431
3;geez populist excitedly;because ack;amidst anti;1-242-625-5701;Neil39@yahoo.com;4636
4;whether;tend piano;ack a properly;779-212-7710 x683;Carlotta_Borer22@yahoo.com;9669
5;writ;ah phew;chief download blah;1-741-927-9196 x34704;Kaleigh.Purdy68@hotmail.com;17051
6;wherever old-fashioned sweetly;offensively measure;incidentally;(885) 473-0602 x419;Eva.Kerluke32@hotmail.com;20200
7;generalise among openly;anarchy failing;amidst aw;(526) 334-6592 x0346;Della30@yahoo.com;29057
8;ick;upside-down blah;for;368.407.0994 x007;Irving.Powlowski53@hotmail.com;27737
9;revolve regarding;partially where gleefully;bah yowza;(436) 568-4212 x411;Pietro_Davis@gmail.com;29760
10;ripe qualification;or trailpatrol through;requisition plunger;1-404-631-5118 x6926;Zoila_Tremblay@gmail.com;4822
